,0,1,accuracy,macro avg,weighted avg
f1-score,0.5670103092783505,0.798076923076923,0.7245901639344262,0.6825436161776368,0.7458028366765903
precision,0.44,0.9222222222222223,0.7245901639344262,0.6811111111111111,0.8131293260473589
recall,0.7971014492753623,0.7033898305084746,0.7245901639344262,0.7502456398919184,0.7245901639344262
support,69.0,236.0,0.7245901639344262,305.0,305.0
