,0,1,accuracy,macro avg,weighted avg
f1-score,0.6949806949806949,0.774928774928775,0.740983606557377,0.734954734954735,0.7398040447220775
precision,0.72,0.7555555555555555,0.740983606557377,0.7377777777777778,0.7399344262295081
recall,0.6716417910447762,0.7953216374269005,0.740983606557377,0.7334817142358383,0.740983606557377
support,134.0,171.0,0.740983606557377,305.0,305.0
