,mean_fit_time,std_fit_time,mean_score_time,std_score_time,param_n_estimators,params,split0_test_score,split1_test_score,split2_test_score,split3_test_score,split4_test_score,mean_test_score,std_test_score,rank_test_score
0,1.2300033092498779,0.016545765819134278,0.03430042266845703,0.003996894401428732,200,{'n_estimators': 200},0.7663934426229508,0.610655737704918,0.6434426229508197,0.6557377049180327,0.8237704918032787,0.7,0.08107713455002123,4
1,2.486213731765747,0.03077493004121245,0.060396242141723636,0.0015616724244217055,400,{'n_estimators': 400},0.7622950819672131,0.6065573770491803,0.6598360655737705,0.6557377049180327,0.8237704918032787,0.7016393442622951,0.07936017995055496,3
2,3.762275791168213,0.052640597544918,0.09224929809570312,0.0021114725005763496,600,{'n_estimators': 600},0.7786885245901639,0.5860655737704918,0.6229508196721312,0.6516393442622951,0.8278688524590164,0.6934426229508197,0.09336349827996104,9
3,4.997913360595703,0.07955117867198543,0.12072067260742188,0.0022629387492833558,800,{'n_estimators': 800},0.7991803278688525,0.5942622950819673,0.639344262295082,0.6557377049180327,0.8278688524590164,0.7032786885245902,0.0926845870648797,2
4,6.235949277877808,0.07526452748316212,0.15171875953674316,0.004056797261911627,1000,{'n_estimators': 1000},0.7950819672131147,0.6024590163934426,0.6475409836065574,0.6639344262295082,0.8278688524590164,0.7073770491803278,0.08796117000194305,1
5,7.539782619476318,0.13957166210841668,0.18491711616516113,0.004784507908632571,1200,{'n_estimators': 1200},0.7950819672131147,0.5901639344262295,0.6270491803278688,0.6516393442622951,0.8155737704918032,0.6959016393442623,0.0916934354568827,7
6,8.85249457359314,0.14570060929506481,0.2157207489013672,0.002872829500667834,1400,{'n_estimators': 1400},0.7991803278688525,0.5942622950819673,0.6229508196721312,0.6598360655737705,0.819672131147541,0.6991803278688524,0.09261206957700309,5
7,10.065631818771362,0.226810808422164,0.23116841316223144,0.018938069505889707,1600,{'n_estimators': 1600},0.7868852459016393,0.5860655737704918,0.6270491803278688,0.6557377049180327,0.8237704918032787,0.6959016393442623,0.09278601633144673,7
8,9.673952436447143,0.75739000912042,0.16863327026367186,0.01777326937744215,1800,{'n_estimators': 1800},0.7868852459016393,0.5942622950819673,0.6311475409836066,0.6516393442622951,0.8278688524590164,0.6983606557377049,0.09181059689800558,6
