,mean_fit_time,std_fit_time,mean_score_time,std_score_time,param_n_estimators,params,split0_test_score,split1_test_score,split2_test_score,split3_test_score,split4_test_score,mean_test_score,std_test_score,rank_test_score
0,1.8451656818389892,0.025567033798479973,0.05255360603332519,0.0026091142380186127,200,{'n_estimators': 200},0.507177033492823,0.5577889447236181,0.5025906735751295,0.5372340425531915,0.521978021978022,0.525231719876416,0.02047346377660579,9
1,3.606931781768799,0.054401701364755736,0.09678316116333008,0.0037787922462387304,400,{'n_estimators': 400},0.5358851674641149,0.5778894472361809,0.5181347150259067,0.5851063829787234,0.5439560439560439,0.5520082389289392,0.025407717636137382,1
2,5.450153398513794,0.10118840504737367,0.1402991771697998,0.005163131117408863,600,{'n_estimators': 600},0.5406698564593302,0.5628140703517588,0.5233160621761658,0.5372340425531915,0.5439560439560439,0.5417095777548918,0.012790021275357912,7
3,7.2227170944213865,0.0983071976257799,0.19075946807861327,0.009391361341253781,800,{'n_estimators': 800},0.5502392344497608,0.5728643216080402,0.5284974093264249,0.5531914893617021,0.5439560439560439,0.5499485066941298,0.01441767163377389,2
4,9.040873956680297,0.18511229373860066,0.24244246482849122,0.013714903502325399,1000,{'n_estimators': 1000},0.5454545454545454,0.5678391959798995,0.5284974093264249,0.5531914893617021,0.521978021978022,0.5437693099897013,0.016489374471218555,6
5,10.917691659927367,0.17917940275935437,0.27674078941345215,0.008605970763293176,1200,{'n_estimators': 1200},0.5358851674641149,0.5778894472361809,0.533678756476684,0.5478723404255319,0.5494505494505495,0.548918640576725,0.01596880605970933,3
6,12.994568681716919,0.4143406573169685,0.34449334144592286,0.04545037703610883,1400,{'n_estimators': 1400},0.5358851674641149,0.5728643216080402,0.5129533678756477,0.5531914893617021,0.5494505494505495,0.544799176107106,0.01994483940644633,5
7,14.415055274963379,0.36534835884311695,0.34744901657104493,0.027722840980285563,1600,{'n_estimators': 1600},0.5215311004784688,0.5728643216080402,0.5233160621761658,0.5585106382978723,0.521978021978022,0.5396498455200824,0.021844760592011483,8
8,13.53518362045288,0.5790414204699128,0.2721386432647705,0.02913448162953856,1800,{'n_estimators': 1800},0.5406698564593302,0.5829145728643216,0.5181347150259067,0.5531914893617021,0.5494505494505495,0.548918640576725,0.021058257332661284,3
