,mean_fit_time,std_fit_time,mean_score_time,std_score_time,param_C,params,split0_test_score,split1_test_score,split2_test_score,split3_test_score,split4_test_score,mean_test_score,std_test_score,rank_test_score
0,5.928933143615723,0.0864656058441407,0.008806562423706055,0.008311912415077533,0.001,{'C': 0.001},0.3157894736842105,0.4120603015075377,0.38860103626943004,0.3351063829787234,0.37362637362637363,0.364572605561277,0.03567389882257108,1
1,5.8748925685882565,0.07173905053989593,0.01208958625793457,0.006901791525802689,0.01,{'C': 0.01},0.32057416267942584,0.3969849246231156,0.37823834196891193,0.32978723404255317,0.36813186813186816,0.3583934088568486,0.029454608233830285,5
2,5.918287181854248,0.1597511097066261,0.014970684051513672,0.007302193022705378,0.1,{'C': 0.1},0.3253588516746411,0.4020100502512563,0.39378238341968913,0.31382978723404253,0.3626373626373626,0.35942327497425336,0.03550383986909821,4
3,7.470633888244629,0.8654869680744965,0.021687984466552734,0.02299734705126808,1,{'C': 1},0.3062200956937799,0.4120603015075377,0.38860103626943004,0.32978723404255317,0.3791208791208791,0.36251287332646753,0.03974333626970947,2
4,6.908722829818726,1.8342111688686416,0.01819500923156738,0.0239104205934537,10,{'C': 10},0.3253588516746411,0.40703517587939697,0.38860103626943004,0.32978723404255317,0.35714285714285715,0.36148300720906285,0.03240906751061007,3
