,mean_fit_time,std_fit_time,mean_score_time,std_score_time,params,split0_test_score,split1_test_score,split2_test_score,split3_test_score,split4_test_score,mean_test_score,std_test_score,rank_test_score
0,0.005611228942871094,0.0005353296492084517,0.0017290115356445312,0.0001887070025617748,{},0.3770491803278688,0.35655737704918034,0.4016393442622951,0.680327868852459,0.8360655737704918,0.530327868852459,0.1929905804681208,1
