,mean_fit_time,std_fit_time,mean_score_time,std_score_time,param_C,params,split0_test_score,split1_test_score,split2_test_score,split3_test_score,split4_test_score,mean_test_score,std_test_score,rank_test_score
0,1.7106097221374512,0.05414860441747477,0.005307817459106445,0.002782296372345718,0.001,{'C': 0.001},0.3253588516746411,0.4472361809045226,0.37823834196891193,0.3191489361702128,0.3131868131868132,0.3573635427394439,0.05109769493615779,1
1,1.717946672439575,0.03309351173892564,0.004571437835693359,0.0027970954657206585,0.01,{'C': 0.01},0.3014354066985646,0.41708542713567837,0.37823834196891193,0.32978723404255317,0.35714285714285715,0.35633367662203913,0.040460304021901684,2
2,1.7681948661804199,0.04527751508610572,0.005868434906005859,0.005061938060164458,0.1,{'C': 0.1},0.31100478468899523,0.4020100502512563,0.37305699481865284,0.324468085106383,0.3131868131868132,0.345005149330587,0.03664193611428234,4
3,1.720319890975952,0.048729435799012885,0.0039479732513427734,0.0015813023065127825,1,{'C': 1},0.3014354066985646,0.41708542713567837,0.35751295336787564,0.30851063829787234,0.33516483516483514,0.34397528321318227,0.042183482178152536,5
4,1.5779500484466553,0.23765272500177154,0.0019402027130126954,0.0002766203579366256,10,{'C': 10},0.32057416267942584,0.3869346733668342,0.37305699481865284,0.35638297872340424,0.3241758241758242,0.35221421215242016,0.026450019330419842,3
