,mean_fit_time,std_fit_time,mean_score_time,std_score_time,params,split0_test_score,split1_test_score,split2_test_score,split3_test_score,split4_test_score,mean_test_score,std_test_score,rank_test_score
0,0.01449131965637207,0.002243443071259872,0.0026862621307373047,0.00032280125281750624,{},0.36885245901639346,0.39344262295081966,0.3975409836065574,0.6844262295081968,0.8237704918032787,0.5336065573770492,0.1856046142472876,1
