,mean_fit_time,std_fit_time,mean_score_time,std_score_time,param_C,params,split0_test_score,split1_test_score,split2_test_score,split3_test_score,split4_test_score,mean_test_score,std_test_score,rank_test_score
0,5.030685806274414,0.24852901001357397,0.0055407524108886715,0.00554619599662313,0.001,{'C': 0.001},0.18181818181818182,0.1306532663316583,0.15025906735751296,0.17553191489361702,0.16483516483516483,0.16065911431513905,0.018667646896252617,5
1,5.072530221939087,0.24368622626675027,0.008649778366088868,0.007584678473059343,0.01,{'C': 0.01},0.15311004784688995,0.18090452261306533,0.14507772020725387,0.14361702127659576,0.2087912087912088,0.16580844490216273,0.024667226852588757,3
2,4.941844511032104,0.26684826392576405,0.009226703643798828,0.011262279285603725,0.1,{'C': 0.1},0.13875598086124402,0.17587939698492464,0.13471502590673576,0.15425531914893617,0.2087912087912088,0.16168898043254376,0.026937645404861633,4
3,5.32685661315918,0.2794690492618767,0.0038800716400146486,0.0011236617136565995,1,{'C': 1},0.12440191387559808,0.19095477386934673,0.16580310880829016,0.1702127659574468,0.2087912087912088,0.1709577754891864,0.028673278739298067,2
4,4.848127698898315,0.6926898747573607,0.002487325668334961,0.000714598554059425,10,{'C': 10},0.18660287081339713,0.21608040201005024,0.14507772020725387,0.19680851063829788,0.16483516483516483,0.1822863027806385,0.024721719176233156,1
