,mean_fit_time,std_fit_time,mean_score_time,std_score_time,param_n_estimators,params,split0_test_score,split1_test_score,split2_test_score,split3_test_score,split4_test_score,mean_test_score,std_test_score,rank_test_score
0,3.743346166610718,0.08501434629469272,0.05038394927978516,0.006645128460000925,200,{'n_estimators': 200},0.44976076555023925,0.5527638190954773,0.46632124352331605,0.5053191489361702,0.5439560439560439,0.5025746652935118,0.041234488288097414,6
1,6.875878190994262,0.27052628457307926,0.1018397331237793,0.014531140102600572,400,{'n_estimators': 400},0.49760765550239233,0.5376884422110553,0.47150259067357514,0.526595744680851,0.5384615384615384,0.513903192584964,0.02597455050247113,1
2,9.7581223487854,0.22055631745955143,0.1539897918701172,0.009777792631226103,600,{'n_estimators': 600},0.49282296650717705,0.5125628140703518,0.48704663212435234,0.5,0.5,0.4984552008238929,0.00862532892192541,8
3,14.350479412078858,0.5354529635108524,0.19217700958251954,0.01652774163175999,800,{'n_estimators': 800},0.49760765550239233,0.5527638190954773,0.48704663212435234,0.5106382978723404,0.5164835164835165,0.5128733264675592,0.022633293395324085,2
4,17.122421979904175,0.4345755434307693,0.22158303260803222,0.0036624917113870586,1000,{'n_estimators': 1000},0.4784688995215311,0.5326633165829145,0.47150259067357514,0.5,0.5384615384615384,0.5036045314109165,0.027278782936305045,5
5,19.033620834350586,0.1549134465306912,0.2605703353881836,0.013227816774496484,1200,{'n_estimators': 1200},0.47368421052631576,0.5376884422110553,0.47150259067357514,0.5159574468085106,0.532967032967033,0.505664263645726,0.02867943133733487,3
6,22.285433053970337,0.2660581545678932,0.3103835105895996,0.01159860624212335,1400,{'n_estimators': 1400},0.48325358851674644,0.5477386934673367,0.46632124352331605,0.5212765957446809,0.5054945054945055,0.5046343975283213,0.028717668334813994,4
7,24.980675649642944,0.28954735930746,0.3211319923400879,0.027312875048650962,1600,{'n_estimators': 1600},0.49760765550239233,0.542713567839196,0.47150259067357514,0.48404255319148937,0.5164835164835165,0.5025746652935118,0.025102949240603623,6
8,24.502705526351928,1.0072334175853133,0.2693312644958496,0.027834088819005353,1800,{'n_estimators': 1800},0.47368421052631576,0.5125628140703518,0.47668393782383417,0.5106382978723404,0.5164835164835165,0.49742533470648814,0.01885924444306492,9
