,mean_fit_time,std_fit_time,mean_score_time,std_score_time,param_C,params,split0_test_score,split1_test_score,split2_test_score,split3_test_score,split4_test_score,mean_test_score,std_test_score,rank_test_score
0,26.466164541244506,0.8440433569732264,0.009937524795532227,0.004567879721780986,0.001,{'C': 0.001},0.19138755980861244,0.18090452261306533,0.14507772020725387,0.1276595744680851,0.19230769230769232,0.1678681771369722,0.026117210193179738,2
1,26.78503050804138,1.3940906088402856,0.028993558883666993,0.025581145188955077,0.01,{'C': 0.01},0.20095693779904306,0.20100502512562815,0.15025906735751296,0.13297872340425532,0.16483516483516483,0.1709577754891864,0.027389655878343612,1
2,26.830539321899415,1.288286236784007,0.03156967163085937,0.012475659458912833,0.1,{'C': 0.1},0.15311004784688995,0.1507537688442211,0.12953367875647667,0.14893617021276595,0.2087912087912088,0.15756951596292482,0.02600442256284289,5
3,28.384670209884643,1.3757390153287188,0.016596460342407228,0.019021862111110222,1,{'C': 1},0.19138755980861244,0.20100502512562815,0.12435233160621761,0.15425531914893617,0.15934065934065933,0.16683831101956745,0.02772968582122338,3
4,24.657326698303223,6.3314629413537356,0.007843685150146485,0.010167642145010924,10,{'C': 10},0.20095693779904306,0.19095477386934673,0.14507772020725387,0.13297872340425532,0.11538461538461539,0.15859938208032956,0.03337964882878033,4
