,mean_fit_time,std_fit_time,mean_score_time,std_score_time,param_n_estimators,params,split0_test_score,split1_test_score,split2_test_score,split3_test_score,split4_test_score,mean_test_score,std_test_score,rank_test_score
0,5.662894868850708,0.08872918725023848,0.04540548324584961,0.003895788279022647,200,{'n_estimators': 200},0.2727272727272727,0.3015075376884422,0.2849740932642487,0.28191489361702127,0.25274725274725274,0.27909371781668385,0.015817815636261952,9
1,12.117642974853515,0.3288127958801673,0.13328995704650878,0.022301571731688206,400,{'n_estimators': 400},0.2822966507177033,0.3065326633165829,0.29533678756476683,0.2872340425531915,0.3131868131868132,0.29660144181256437,0.011537926237585983,3
2,18.519320440292358,0.27064496676508204,0.16162381172180176,0.05274112701117341,600,{'n_estimators': 600},0.2727272727272727,0.32160804020100503,0.2694300518134715,0.30319148936170215,0.29120879120879123,0.29145211122554066,0.01961958403556134,7
3,26.412822341918947,0.809032725133159,0.21504125595092774,0.03214188769872291,800,{'n_estimators': 800},0.2966507177033493,0.3065326633165829,0.27979274611398963,0.2872340425531915,0.29120879120879123,0.2924819773429454,0.009046618967548365,5
4,31.411311149597168,0.47423043523676955,0.23735604286193848,0.05131712240177272,1000,{'n_estimators': 1000},0.291866028708134,0.3165829145728643,0.30569948186528495,0.26595744680851063,0.2857142857142857,0.29351184346035014,0.017250818595989977,4
5,37.667625188827515,0.9875701064525967,0.31243438720703126,0.07039104622438004,1200,{'n_estimators': 1200},0.291866028708134,0.31155778894472363,0.31088082901554404,0.2978723404255319,0.2857142857142857,0.2996910401647786,0.010207004709149621,2
6,45.35253148078918,0.5849424366196254,0.3374925136566162,0.0524293630355112,1400,{'n_estimators': 1400},0.3014354066985646,0.32663316582914576,0.3005181347150259,0.28191489361702127,0.29120879120879123,0.30072090628218334,0.014938558536532597,1
7,50.435995054245,0.5361894978887809,0.3417847156524658,0.02695103576450258,1600,{'n_estimators': 1600},0.2822966507177033,0.32160804020100503,0.3005181347150259,0.26595744680851063,0.2857142857142857,0.29145211122554066,0.01878208547333882,7
8,49.22056841850281,2.0634515111427465,0.31684603691101076,0.03792559039544145,1800,{'n_estimators': 1800},0.28708133971291866,0.3165829145728643,0.29533678756476683,0.26595744680851063,0.2967032967032967,0.2924819773429454,0.016324770594979887,5
