precision,recall,f1_score
0.7148980537534755,0.7182352941176471,0.7163865546218487
