accuracy,precision,recall,f1_score
0.7333333333333333,0.7333333333333333,0.7333333333333333,0.7333333333333333
