accuracy,precision,recall,f1_score
0.7333333333333333,0.7951807228915663,0.7764705882352941,0.7857142857142857
