precision,recall,f1_score
0.7923653198653199,0.7739285714285715,0.774046509046509
