accuracy,precision,recall,f1_score
0.7760416666666666,0.7760416666666666,0.7760416666666666,0.7760416666666666
